Enregistreur numérique H41 1G;Autre
Haut parleur Logitech Z200 1;Autre
Haut parleur Logitech Z200 2;Autre
Trepied 1;Trépied
Trepied 2;Trépied
Trepied 3;Trépied
Valise multimédia;Autre
Visualiseur 1;Visualiseur
Visualiseur 2;Visualiseur
Appareil photo numérique A540;Appareil photo
Appareil photo numérique Canon 70D;Appareil photo
Appareil photo numérique Canon 350D;Appareil photo
Appareil photo numérique Canon 450D;Appareil photo
Appareil photo numérique Canon 600D;Appareil photo
Caméra numérique Sony DVD RW;Caméra
Caméra numérique Sony HDR 1;Caméra
Caméra numérique Sony HDR 2;Caméra
Caméra numérique Sony HDR 3;Caméra
Caméra numérique Sony HDR 4;Caméra
Caméra numérique Sony HDR 5;Caméra
Caméra numérique Sony XR-500;Caméra
Chariot de Mac;Ordinateur
Chariot de PC;Ordinateur